Introduction|Введение
General issues|Общие вопросы
Descriptions of symptoms and signs|Описание симптомов и признаков
Further reading|Литература для дальнейшего чтения
Concepts of mental illness|Представления о психическом заболевании
Criticisms of classification|Критика классификации
The history of classification|История классификации
Organizing principles of contemporary classifications|Принципы построения современных классификаций
Reliability and validity|Надёжность и валидность
Current psychiatric classifications|Современные психиатрические классификации
Other issues in psychiatric classification|Другие вопросы психиатрической классификации
Psychiatric interviewing|Психиатрическое интервью
The psychiatric history|Психиатрический анамнез
The mental state examination|Исследование психического статуса
Other components of psychiatric assessment|Другие компоненты психиатрического обследования
Special kinds of psychiatric assessment|Особые виды психиатрического обследования
Patient characteristics that may affect the interview|Особенности пациента, способные повлиять на интервью
Integrating and evaluating the information|Объединение и оценка информации
Recording and communicating information|Документирование и передача информации
Standardized assessment methods|Стандартизированные методы оценки
Ethical problems in psychiatric practice|Этические проблемы психиатрической практики
The Mental Health Act|Закон о психическом здоровье
Some aspects of civil law|Некоторые вопросы гражданского права
Approaches to aetiology in psychiatry|Подходы к этиологии в психиатрии
General issues relating to aetiology|Общие вопросы этиологии
Aetiological models|Этиологические модели
The historical development of ideas of aetiology|Историческое развитие представлений об этиологии
The contribution of scientific disciplines to psychiatric aetiology|Вклад научных дисциплин в изучение этиологии психических расстройств
Relationship of this chapter to those on psychiatric syndromes|Связь этой главы с главами о психиатрических синдромах
What is evidence-based medicine?|Что такое доказательная медицина?
Individual treatment studies|Отдельные исследования методов лечения
Systematic reviews|Систематические обзоры
Implementation of evidence-based medicine|Применение доказательной медицины
Evaluation of evidence-based medicine|Оценка доказательной медицины
Other applications of evidence-based medicine|Другие области применения доказательной медицины
Big data|Большие данные
Qualitative research methods|Качественные методы исследования
Evidence-based medicine in psychiatry|Доказательная медицина в психиатрии
The response to stressful events|Реакция на стрессовые события
Classification of reactions to stressful events|Классификация реакций на стрессовые события
Acute stress reaction and acute stress disorder|Острая реакция на стресс и острое стрессовое расстройство
Post-traumatic stress disorder|Посттравматическое стрессовое расстройство
Response to specific kinds of severe stress|Реакции на отдельные виды тяжёлого стресса
Adjustment disorders|Расстройства адаптации
Special kinds of adjustment|Особые виды адаптации
Terminology and classification|Терминология и классификация
Anxiety disorders|Тревожные расстройства
Generalized anxiety disorder|Генерализованное тревожное расстройство
Phobic anxiety disorders|Фобические тревожные расстройства
Panic disorder|Паническое расстройство
Transcultural variations in anxiety disorder|Транскультуральные различия тревожных расстройств
Obsessive–compulsive disorder|Обсессивно-компульсивное расстройство
Obsessive–compulsive-related disorders|Расстройства, связанные с обсессивно-компульсивным расстройством
Clinical features|Клинические проявления
Transcultural factors|Транскультуральные факторы
Classification of depression|Классификация депрессии
Differential diagnosis of depressive disorders|Дифференциальная диагностика депрессивных расстройств
The epidemiology of depressive disorders|Эпидемиология депрессивных расстройств
The aetiology of depression|Этиология депрессии
Course and prognosis of depression|Течение и прогноз депрессии
The acute treatment of depression|Лечение депрессии в острой фазе
The longer-term treatment of depression|Длительное лечение депрессии
The assessment of depressive disorders|Оценка депрессивных расстройств
The management of depressive disorders|Ведение пациентов с депрессивными расстройствами
Classification|Классификация
Differential diagnosis of bipolar disorder|Дифференциальная диагностика биполярного расстройства
Epidemiology|Эпидемиология
Aetiology|Этиология
Course and prognosis|Течение и прогноз
Treatment of mania|Лечение мании
Treatment of bipolar depression|Лечение биполярной депрессии
Longer-term treatment of bipolar disorder|Длительное лечение биполярного расстройства
Practical management of bipolar disorder|Практическое ведение пациентов с биполярным расстройством
Diagnosis and classification|Диагностика и классификация
Neurobiology|Нейробиология
Neurodevelopmental model|Нейроонтогенетическая модель
Treatment|Лечение
Management|Ведение пациентов
Discussing schizophrenia with patients and carers|Обсуждение шизофрении с пациентами и людьми, осуществляющими уход
Paranoid symptoms|Параноидные симптомы
Paranoid personality disorder|Параноидное расстройство личности
Paranoid symptoms in psychiatric disorders|Параноидные симптомы при психических расстройствах
Delusional disorders (paranoid psychoses)|Бредовые расстройства (параноидные психозы)
Specific delusional disorders|Отдельные бредовые расстройства
Assessment of paranoid symptoms|Оценка параноидных симптомов
Treatment of paranoid symptoms and delusional disorder|Лечение параноидных симптомов и бредового расстройства
Prognosis of delusional disorder|Прогноз бредового расстройства
Eating disorders|Расстройства пищевого поведения
Sleep–wake disorders|Расстройства сна и бодрствования
Disorders of sexual function and paraphilic disorders|Расстройства сексуальной функции и парафильные расстройства
Symptoms associated with regional brain pathology|Симптомы при поражении отдельных областей головного мозга
Assessment of the ‘neuropsychiatric patient’|Обследование пациента с нейропсихиатрическими нарушениями
Delirium|Делирий
Amnesia and amnestic disorders|Амнезия и амнестические расстройства
Dementia|Деменция
Movement disorders|Двигательные расстройства
Cerebrovascular disorders|Цереброваскулярные расстройства
Head injury (traumatic brain injury)|Травма головы (черепно-мозговая травма)
Epilepsy|Эпилепсия
Brain tumours|Опухоли головного мозга
Other neuropsychiatric syndromes|Другие нейропсихиатрические синдромы
Secondary or symptomatic neuropsychiatric syndromes|Вторичные, или симптоматические, нейропсихиатрические синдромы
Personality|Личность
History of personality types|История представлений о типах личности
The origins of personality|Происхождение личности
The assessment of personality|Оценка личности
Personality disorder|Расстройство личности
Classification of abnormal personalities|Классификация патологических вариантов личности
Descriptions and diagnostic criteria|Описания и диагностические критерии
Rates of personality disorder in the clinic and the general population|Распространённость расстройств личности в клинической практике и общей популяции
The course of personality disorder|Течение расстройства личности
The management of specific personality disorders|Ведение пациентов с отдельными расстройствами личности
Ethical problems|Этические проблемы
Normal development|Нормальное развитие
Classification of psychiatric disorders in children and adolescents|Классификация психических расстройств у детей и подростков
Psychiatric assessment of children and their families|Психиатрическое обследование детей и их семей
Physical examination|Физикальное обследование
Psychiatric treatment for children and their families|Психиатрическое лечение детей и помощь их семьям
Review of disorders|Обзор расстройств
Ethical and legal problems in child and adolescent psychiatry|Этические и правовые проблемы детской и подростковой психиатрии
Appendix: Basic elements in child and adolescent psychiatric assessments|Приложение: основные элементы психиатрического обследования детей и подростков
Terminology|Терминология
Physical disorders|Соматические заболевания
Psychiatric disorders|Психические расстройства
Other clinical aspects|Другие клинические аспекты
Assessment and classification|Обследование и классификация
The care of people with disorders of intellectual development|Помощь людям с расстройствами интеллектуального развития
Treatment of psychiatric disorder and behavioural problems|Лечение психических расстройств и поведенческих проблем
Ethical and legal issues|Этические и правовые вопросы
General criminology|Общая криминология
Causes of crime|Причины преступности
The association between mental disorder and crime|Связь психических расстройств и преступности
Specific offender groups|Отдельные группы правонарушителей
Psychiatric aspects of specific crimes|Психиатрические аспекты отдельных преступлений
Psychiatric aspects of being a victim of crime|Психиатрические аспекты последствий преступления для потерпевшего
The role of the psychiatrist in the criminal courts|Роль психиатра в уголовном судопроизводстве
The treatment of offenders with mental disorder|Лечение правонарушителей с психическими расстройствами
The management of violence in health care settings|Предотвращение и преодоление насилия в медицинских учреждениях
Risk assessment|Оценка риска
The psychiatric report|Психиатрическое заключение
Normal ageing|Нормальное старение
Epidemiology of psychiatric disorders in the elderly|Эпидемиология психических расстройств у пожилых
Principles and practice of old age psychiatry|Принципы и практика психиатрии пожилого возраста
Clinical features and treatment of psychiatric disorders in the elderly|Клинические проявления и лечение психических расстройств у пожилых
Treatment of dementia|Лечение деменции
Classification of substance use disorders|Классификация расстройств, связанных с употреблением психоактивных веществ
Alcohol use disorders|Расстройства, связанные с употреблением алкоголя
Other substance use disorders|Расстройства, связанные с употреблением других психоактивных веществ
Suicide|Самоубийство
The assessment of suicidal risk|Оценка суицидального риска
The management of suicidal patients|Ведение пациентов с суицидальным риском
Reducing suicide rates|Снижение частоты самоубийств
Non-fatal self-harm|Самоповреждение без летального исхода
The management of self-harm|Помощь при самоповреждении
Psychiatry, medicine, and mind–body dualism|Психиатрия, медицина и дуализм психики и тела
Bodily distress disorders|Расстройства телесного дистресса
Dissociative disorders|Диссоциативные расстройства
Psychiatric disorders in medical settings|Психические расстройства в общемедицинской практике
Psychological medicine services|Службы психологической медицины
Psychiatric aspects of obstetrics and gynaecology care|Психиатрические аспекты акушерской и гинекологической помощи
Public mental health|Общественное психическое здоровье
Prevention|Профилактика
Life course|Жизненный путь
Why prevention?|Зачем нужна профилактика?
Social determinants|Социальные детерминанты
Cost effectiveness|Экономическая эффективность
Global mental health: concepts and mission|Глобальное психическое здоровье: концепции и миссия
The global burden of mental illness|Глобальное бремя психических заболеваний
How psychological treatments developed|Развитие психологических методов лечения
Classification of psychological treatments|Классификация психологических методов лечения
Common factors in psychological treatment|Общие факторы психологического лечения
Counselling and crisis intervention|Консультирование и кризисное вмешательство
Supportive psychotherapy|Поддерживающая психотерапия
Interpersonal psychotherapy|Интерперсональная психотерапия
Cognitive behaviour therapy|Когнитивно-поведенческая терапия
Individual dynamic psychotherapies|Индивидуальная динамическая психотерапия
Treatment in groups|Лечение в группах
Psychotherapy with couples and families|Психотерапия пар и семей
Psychotherapy for children|Психотерапия детей
Psychotherapy for older people|Психотерапия пожилых людей
Treatments of mainly historical and cultural interest|Методы лечения, представляющие преимущественно исторический и культурный интерес
Ethical problems in psychological treatment|Этические проблемы психологического лечения
History of physical treatments|История физических методов лечения
General considerations|Общие положения
The classification of drugs used in psychiatry|Классификация лекарственных средств, применяемых в психиатрии
Anxiolytic drugs|Анксиолитики
Hypnotics|Снотворные средства
Antipsychotic drugs|Антипсихотические средства
Anticholinergic drugs|Антихолинергические средства
Antidepressant drugs|Антидепрессанты
Mood-stabilizing drugs|Нормотимики
Psychostimulants|Психостимуляторы
Other physical treatments|Другие физические методы лечения
The history of psychiatric services|История психиатрических служб
The components of a mental health service|Компоненты службы психического здоровья
Services for psychiatric disorder in primary care|Помощь при психических расстройствах в первичном звене
Specialist services for acute psychiatric disorder|Специализированные службы помощи при острых психических расстройствах
Psychiatric services that provide long-term care|Психиатрические службы длительной помощи
Services for people with particular needs|Службы для людей с особыми потребностями
Some difficulties with community care|Некоторые трудности внебольничной помощи
International service principles|Международные принципы организации служб
